-- phpMyAdmin SQL Dump
-- version 5.1.1
-- https://www.phpmyadmin.net/
--
-- Servidor: 127.0.0.1
-- Temps de generació: 05-04-2022 a les 20:07:07
-- Versió del servidor: 10.4.22-MariaDB
-- Versió de PHP: 7.3.33

SET SQL_MODE = "NO_AUTO_VALUE_ON_ZERO";
START TRANSACTION;
SET time_zone = "+00:00";


/*!40101 SET @OLD_CHARACTER_SET_CLIENT=@@CHARACTER_SET_CLIENT */;
/*!40101 SET @OLD_CHARACTER_SET_RESULTS=@@CHARACTER_SET_RESULTS */;
/*!40101 SET @OLD_COLLATION_CONNECTION=@@COLLATION_CONNECTION */;
/*!40101 SET NAMES utf8mb4 */;

--
-- Base de dades: `bioscar`
--

-- --------------------------------------------------------

--
-- Estructura de la taula `brand`
--

CREATE TABLE `brand` (
  `cod_brand` varchar(20) NOT NULL,
  `brand_name` text NOT NULL,
  `brand_img` varchar(1000) NOT NULL
) ENGINE=InnoDB DEFAULT CHARSET=utf8mb4;

--
-- Bolcament de dades per a la taula `brand`
--

INSERT INTO `brand` (`cod_brand`, `brand_name`, `brand_img`) VALUES
('AU', 'AUDI', 'logo_audi.jpg\r\n'),
('BM', 'BMW', 'logo_bmw.jpg'),
('DA', 'DACIA', 'logo_dacia.jpg'),
('FE', 'FERRARI', 'logo_ferrari.jpg'),
('FR', 'FORD', 'logo_ford.jpg'),
('HY', 'HYUNDAI', 'logo_hyundai.jpg\r\n'),
('LM', 'LAMBORGHINI', 'logo_lamborghini.jpg'),
('ME', 'MERCEDES', 'logo_mercedes.jpg'),
('OP', 'OPEL', 'logo_opel.jpg'),
('RE', 'RENAULT', 'logo_renault.jpg'),
('SE', 'SEAT', 'logo_seat.jpg'),
('TS', 'TESLA', 'logo_tesla.jpg');

-- --------------------------------------------------------

--
-- Estructura de la taula `cars`
--

CREATE TABLE `cars` (
  `id` int(20) NOT NULL,
  `numrack` varchar(20) NOT NULL,
  `cod_model` varchar(20) NOT NULL,
  `enrolment` varchar(10) NOT NULL,
  `exchange` text NOT NULL,
  `color` text NOT NULL,
  `cod_type` varchar(20) NOT NULL,
  `km` int(20) NOT NULL,
  `doors` int(20) NOT NULL,
  `date` date NOT NULL,
  `extras` text NOT NULL,
  `cod_category` varchar(20) NOT NULL,
  `car_img` varchar(1000) NOT NULL,
  `lat` float NOT NULL,
  `lon` float NOT NULL,
  `city` varchar(50) NOT NULL,
  `price` int(11) NOT NULL,
  `count` int(255) NOT NULL
) ENGINE=InnoDB DEFAULT CHARSET=utf8mb4;

--
-- Bolcament de dades per a la taula `cars`
--

INSERT INTO `cars` (`id`, `numrack`, `cod_model`, `enrolment`, `exchange`, `color`, `cod_type`, `km`, `doors`, `date`, `extras`, `cod_category`, `car_img`, `lat`, `lon`, `city`, `price`, `count`) VALUES
(1, '05525', 'FO', '2556HRM', 'AUTOMATIC', 'BLUE', 'EL', 120, 5, '2020-04-10', 'sensor', 'KM', 'ford_focus.jpg', 38.8214, -0.609692, 'Ontinyent', 25000, 179),
(2, '03565602', 'EN', '2656JTR', 'AUTOMATIC', 'RED', 'HY', 27852, 3, '2022-02-01', 'sensor', '2M', 'ferrari_enzo.jpg', 39.4697, -0.376335, 'Valencia', 250000, 35),
(3, '2566', 'FI', '2036HTW', 'MANUAL', 'WHITE', 'GAS', 6980, 3, '2020-04-17', 'camera', '2M', 'ford_fiesta.jpg', 38.8387, -0.518189, 'Albaida', 14000, 25),
(4, '26562603sF', 'UR', '0239LNG', 'AUTOMATIC', 'YELLOW', 'GAS', 12000, 5, '2019-04-05', '4x4', 'GR', 'lamborghini_urus.jpg', 41.3829, 2.17743, 'Barcelona', 150000, 25),
(5, '1023153212d', 'KA', '7692BSR', 'MANUAL', 'BLUE', 'GAS', 199586, 3, '2002-02-20', 'sin', '2M', 'ford_ka.jpg', 38.3436, -0.488171, 'Alacant', 2500, 29),
(6, '1212sf054', 'MS', '2363LKN', 'AUTOMATIC', 'BLACK', 'EL', 200, 5, '2021-10-21', 'tesla', 'KM', 'tesla_model-s.jpg', 38.7913, 0.176699, 'Javea', 68000, 96);

-- --------------------------------------------------------

--
-- Estructura de la taula `category`
--

CREATE TABLE `category` (
  `cod_category` varchar(20) NOT NULL,
  `category_name` varchar(20) NOT NULL,
  `category_img` varchar(20) NOT NULL
) ENGINE=InnoDB DEFAULT CHARSET=utf8mb4;

--
-- Bolcament de dades per a la taula `category`
--

INSERT INTO `category` (`cod_category`, `category_name`, `category_img`) VALUES
('2M', '2HAND', 'coches_2mano.jpg'),
('GR', 'WARRANTY CARS', 'coches_nuevos.jpg'),
('KM', 'KM0 CARS', 'coches_km0.jpg');

-- --------------------------------------------------------

--
-- Estructura de la taula `exceptions`
--

CREATE TABLE `exceptions` (
  `404` varchar(30) NOT NULL,
  `503` varchar(30) NOT NULL
) ENGINE=InnoDB DEFAULT CHARSET=utf8mb4;

--
-- Bolcament de dades per a la taula `exceptions`
--

INSERT INTO `exceptions` (`404`, `503`) VALUES
('ERROR 404', ''),
('ERROR 404', 'ERROR 503'),
('ERROR 404', ''),
('ERROR 404', ''),
('ERROR 404', ''),
('', 'ERROR 503'),
('', 'ERROR 503'),
('', 'ERROR 503'),
('', 'ERROR 503'),
('', 'ERROR 503'),
('', 'ERROR 503'),
('', 'ERROR 503'),
('', 'ERROR 503'),
('', 'ERROR 503'),
('', 'ERROR 503'),
('ERROR 404', ''),
('ERROR 404', ''),
('ERROR 404', ''),
('', 'ERROR 503'),
('', 'ERROR 503'),
('', 'ERROR 503'),
('', 'ERROR 503'),
('', 'ERROR 503'),
('', 'ERROR 503'),
('ERROR 404', ''),
('ERROR 404', ''),
('ERROR 404', ''),
('ERROR 404', ''),
('ERROR 404', ''),
('ERROR 404', ''),
('ERROR 404', ''),
('ERROR 404', ''),
('ERROR 404', ''),
('ERROR 404', ''),
('ERROR 404', ''),
('ERROR 404', ''),
('ERROR 404', ''),
('ERROR 404', ''),
('ERROR 404', ''),
('ERROR 404', ''),
('ERROR 404', ''),
('ERROR 404', ''),
('ERROR 404', ''),
('ERROR 404', ''),
('ERROR 404', ''),
('ERROR 404', ''),
('ERROR 404', ''),
('ERROR 404', ''),
('', 'ERROR 503'),
('', 'ERROR 503'),
('', 'ERROR 503'),
('', 'ERROR 503'),
('', 'ERROR 503'),
('', 'ERROR 503'),
('', 'ERROR 503'),
('', 'ERROR 503'),
('', 'ERROR 503'),
('', 'ERROR 503'),
('', 'ERROR 503'),
('', 'ERROR 503'),
('', 'ERROR 503'),
('', 'ERROR 503'),
('', 'ERROR 503'),
('', 'ERROR 503'),
('', 'ERROR 503'),
('', 'ERROR 503'),
('', 'ERROR 503'),
('', 'ERROR 503'),
('', 'ERROR 503'),
('', 'ERROR 503'),
('', 'ERROR 503'),
('', 'ERROR 503'),
('', 'ERROR 503'),
('', 'ERROR 503'),
('', 'ERROR 503'),
('', 'ERROR 503'),
('', 'ERROR 503'),
('', 'ERROR 503'),
('', 'ERROR 503'),
('', 'ERROR 503'),
('', 'ERROR 503'),
('', 'ERROR 503'),
('', 'ERROR 503'),
('', 'ERROR 503'),
('', 'ERROR 503'),
('', 'ERROR 503'),
('', 'ERROR 503'),
('', 'ERROR 503'),
('', 'ERROR 503'),
('', 'ERROR 503'),
('', 'ERROR 503'),
('', 'ERROR 503'),
('', 'ERROR 503'),
('', 'ERROR 503'),
('', 'ERROR 503'),
('', 'ERROR 503'),
('', 'ERROR 503'),
('', 'ERROR 503'),
('', 'ERROR 503'),
('', 'ERROR 503'),
('', 'ERROR 503'),
('', 'ERROR 503'),
('', 'ERROR 503'),
('', 'ERROR 503'),
('', 'ERROR 503'),
('', 'ERROR 503'),
('', 'ERROR 503'),
('', 'ERROR 503'),
('', 'ERROR 503'),
('', 'ERROR 503'),
('', 'ERROR 503'),
('', 'ERROR 503'),
('', 'ERROR 503'),
('', 'ERROR 503'),
('', 'ERROR 503'),
('', 'ERROR 503'),
('', 'ERROR 503'),
('', 'ERROR 503'),
('', 'ERROR 503'),
('', 'ERROR 503'),
('', 'ERROR 503'),
('', 'ERROR 503'),
('', 'ERROR 503'),
('', 'ERROR 503'),
('', 'ERROR 503'),
('', 'ERROR 503'),
('', 'ERROR 503'),
('', 'ERROR 503'),
('', 'ERROR 503'),
('', 'ERROR 503'),
('', 'ERROR 503'),
('', 'ERROR 503'),
('', 'ERROR 503'),
('', 'ERROR 503'),
('', 'ERROR 503'),
('', 'ERROR 503'),
('', 'ERROR 503'),
('', 'ERROR 503'),
('', 'ERROR 503'),
('', 'ERROR 503'),
('', 'ERROR 503'),
('', 'ERROR 503'),
('', 'ERROR 503'),
('', 'ERROR 503'),
('', 'ERROR 503'),
('', 'ERROR 503'),
('', 'ERROR 503'),
('', 'ERROR 503'),
('', 'ERROR 503'),
('', 'ERROR 503'),
('', 'ERROR 503'),
('ERROR 404', ''),
('ERROR 404', ''),
('ERROR 404', ''),
('ERROR 404', ''),
('ERROR 404', ''),
('ERROR 404', ''),
('ERROR 404', ''),
('ERROR 404', ''),
('ERROR 404', ''),
('ERROR 404', ''),
('ERROR 404', ''),
('ERROR 404', ''),
('ERROR 404', ''),
('ERROR 404', ''),
('ERROR 404', ''),
('ERROR 404', ''),
('ERROR 404', ''),
('ERROR 404', ''),
('ERROR 404', ''),
('ERROR 404', ''),
('', 'ERROR 503'),
('', 'ERROR 503'),
('', 'ERROR 503'),
('', 'ERROR 503'),
('', 'ERROR 503'),
('', 'ERROR 503'),
('', 'ERROR 503'),
('', 'ERROR 503'),
('', 'ERROR 503'),
('ERROR 404', ''),
('ERROR 404', ''),
('', 'ERROR 503'),
('', 'ERROR 503'),
('', 'ERROR 503'),
('', 'ERROR 503'),
('', 'ERROR 503'),
('', 'ERROR 503'),
('', 'ERROR 503'),
('', 'ERROR 503'),
('', 'ERROR 503'),
('', 'ERROR 503'),
('', 'ERROR 503'),
('', 'ERROR 503'),
('', 'ERROR 503'),
('', 'ERROR 503'),
('', 'ERROR 503'),
('', 'ERROR 503'),
('', 'ERROR 503'),
('', 'ERROR 503'),
('', 'ERROR 503'),
('', 'ERROR 503'),
('', 'ERROR 503'),
('', 'ERROR 503'),
('', 'ERROR 503'),
('', 'ERROR 503'),
('', 'ERROR 503'),
('', 'ERROR 503'),
('', 'ERROR 503'),
('', 'ERROR 503'),
('', 'ERROR 503'),
('', 'ERROR 503'),
('', 'ERROR 503'),
('', 'ERROR 503'),
('', 'ERROR 503'),
('', 'ERROR 503'),
('', 'ERROR 503'),
('', 'ERROR 503'),
('', 'ERROR 503'),
('', 'ERROR 503'),
('', 'ERROR 503'),
('', 'ERROR 503'),
('', 'ERROR 503'),
('ERROR 404', ''),
('ERROR 404', ''),
('', 'ERROR 503'),
('', 'ERROR 503'),
('', 'ERROR 503'),
('', 'ERROR 503'),
('', 'ERROR 503'),
('', 'ERROR 503'),
('ERROR 404', ''),
('ERROR 404', ''),
('ERROR 404', ''),
('ERROR 404', ''),
('ERROR 404', ''),
('ERROR 404', ''),
('ERROR 404', ''),
('ERROR 404', ''),
('ERROR 404', ''),
('ERROR 404', ''),
('ERROR 404', ''),
('ERROR 404', ''),
('ERROR 404', ''),
('ERROR 404', ''),
('ERROR 404', ''),
('ERROR 404', ''),
('ERROR 404', ''),
('ERROR 404', ''),
('ERROR 404', ''),
('ERROR 404', ''),
('ERROR 404', ''),
('ERROR 404', ''),
('ERROR 404', ''),
('ERROR 404', ''),
('ERROR 404', ''),
('ERROR 404', ''),
('ERROR 404', ''),
('ERROR 404', ''),
('ERROR 404', ''),
('ERROR 404', ''),
('ERROR 404', ''),
('ERROR 404', ''),
('ERROR 404', ''),
('ERROR 404', ''),
('ERROR 404', ''),
('ERROR 404', ''),
('ERROR 404', ''),
('ERROR 404', ''),
('ERROR 404', ''),
('ERROR 404', ''),
('ERROR 404', ''),
('ERROR 404', ''),
('ERROR 404', ''),
('ERROR 404', ''),
('ERROR 404', ''),
('ERROR 404', ''),
('ERROR 404', ''),
('ERROR 404', ''),
('ERROR 404', ''),
('ERROR 404', ''),
('ERROR 404', ''),
('ERROR 404', ''),
('ERROR 404', ''),
('ERROR 404', ''),
('ERROR 404', ''),
('ERROR 404', ''),
('ERROR 404', ''),
('ERROR 404', ''),
('ERROR 404', ''),
('ERROR 404', ''),
('ERROR 404', ''),
('ERROR 404', ''),
('ERROR 404', ''),
('ERROR 404', ''),
('ERROR 404', ''),
('ERROR 404', ''),
('ERROR 404', ''),
('ERROR 404', ''),
('ERROR 404', ''),
('ERROR 404', ''),
('ERROR 404', ''),
('ERROR 404', ''),
('ERROR 404', ''),
('ERROR 404', ''),
('ERROR 404', ''),
('ERROR 404', ''),
('ERROR 404', ''),
('ERROR 404', ''),
('ERROR 404', ''),
('ERROR 404', ''),
('ERROR 404', ''),
('ERROR 404', ''),
('ERROR 404', ''),
('ERROR 404', ''),
('ERROR 404', ''),
('ERROR 404', ''),
('ERROR 404', ''),
('ERROR 404', ''),
('ERROR 404', ''),
('ERROR 404', ''),
('ERROR 404', ''),
('ERROR 404', ''),
('ERROR 404', ''),
('ERROR 404', ''),
('ERROR 404', ''),
('ERROR 404', ''),
('ERROR 404', ''),
('ERROR 404', ''),
('ERROR 404', ''),
('ERROR 404', ''),
('ERROR 404', ''),
('ERROR 404', ''),
('ERROR 404', ''),
('ERROR 404', ''),
('ERROR 404', ''),
('ERROR 404', ''),
('ERROR 404', ''),
('ERROR 404', ''),
('ERROR 404', ''),
('ERROR 404', ''),
('ERROR 404', ''),
('ERROR 404', ''),
('ERROR 404', ''),
('ERROR 404', ''),
('ERROR 404', ''),
('ERROR 404', ''),
('ERROR 404', ''),
('ERROR 404', ''),
('ERROR 404', ''),
('ERROR 404', ''),
('ERROR 404', ''),
('ERROR 404', ''),
('ERROR 404', ''),
('ERROR 404', ''),
('ERROR 404', ''),
('ERROR 404', ''),
('ERROR 404', ''),
('ERROR 404', ''),
('ERROR 404', ''),
('ERROR 404', ''),
('ERROR 404', ''),
('ERROR 404', ''),
('ERROR 404', ''),
('ERROR 404', ''),
('ERROR 404', ''),
('ERROR 404', ''),
('ERROR 404', ''),
('ERROR 404', ''),
('ERROR 404', ''),
('ERROR 404', ''),
('ERROR 404', ''),
('ERROR 404', ''),
('ERROR 404', ''),
('ERROR 404', ''),
('ERROR 404', ''),
('ERROR 404', ''),
('ERROR 404', ''),
('ERROR 404', ''),
('ERROR 404', ''),
('ERROR 404', ''),
('ERROR 404', ''),
('ERROR 404', ''),
('ERROR 404', ''),
('ERROR 404', ''),
('ERROR 404', ''),
('ERROR 404', ''),
('ERROR 404', ''),
('ERROR 404', ''),
('ERROR 404', ''),
('ERROR 404', ''),
('ERROR 404', ''),
('ERROR 404', ''),
('ERROR 404', ''),
('ERROR 404', ''),
('ERROR 404', ''),
('ERROR 404', ''),
('ERROR 404', ''),
('ERROR 404', ''),
('ERROR 404', ''),
('ERROR 404', ''),
('ERROR 404', ''),
('ERROR 404', ''),
('ERROR 404', ''),
('ERROR 404', ''),
('ERROR 404', ''),
('ERROR 404', ''),
('ERROR 404', ''),
('ERROR 404', ''),
('ERROR 404', ''),
('ERROR 404', ''),
('ERROR 404', ''),
('ERROR 404', ''),
('ERROR 404', ''),
('ERROR 404', ''),
('ERROR 404', ''),
('ERROR 404', ''),
('ERROR 404', ''),
('ERROR 404', ''),
('ERROR 404', ''),
('ERROR 404', ''),
('ERROR 404', ''),
('ERROR 404', ''),
('ERROR 404', ''),
('ERROR 404', ''),
('ERROR 404', ''),
('ERROR 404', ''),
('ERROR 404', ''),
('ERROR 404', ''),
('ERROR 404', ''),
('ERROR 404', ''),
('ERROR 404', ''),
('ERROR 404', ''),
('ERROR 404', ''),
('ERROR 404', ''),
('ERROR 404', ''),
('ERROR 404', ''),
('ERROR 404', ''),
('ERROR 404', ''),
('ERROR 404', ''),
('ERROR 404', ''),
('ERROR 404', ''),
('ERROR 404', ''),
('ERROR 404', ''),
('ERROR 404', ''),
('ERROR 404', ''),
('ERROR 404', ''),
('ERROR 404', ''),
('ERROR 404', ''),
('ERROR 404', ''),
('ERROR 404', ''),
('ERROR 404', ''),
('ERROR 404', ''),
('ERROR 404', ''),
('ERROR 404', ''),
('ERROR 404', ''),
('ERROR 404', ''),
('ERROR 404', ''),
('ERROR 404', ''),
('ERROR 404', ''),
('ERROR 404', ''),
('ERROR 404', ''),
('ERROR 404', ''),
('ERROR 404', ''),
('ERROR 404', ''),
('ERROR 404', ''),
('ERROR 404', ''),
('ERROR 404', ''),
('ERROR 404', ''),
('ERROR 404', ''),
('ERROR 404', ''),
('ERROR 404', ''),
('ERROR 404', ''),
('ERROR 404', ''),
('ERROR 404', ''),
('ERROR 404', ''),
('ERROR 404', ''),
('ERROR 404', ''),
('ERROR 404', ''),
('ERROR 404', ''),
('ERROR 404', ''),
('ERROR 404', ''),
('ERROR 404', ''),
('ERROR 404', ''),
('ERROR 404', ''),
('ERROR 404', ''),
('ERROR 404', ''),
('ERROR 404', ''),
('ERROR 404', ''),
('ERROR 404', ''),
('ERROR 404', ''),
('ERROR 404', ''),
('ERROR 404', ''),
('ERROR 404', ''),
('ERROR 404', ''),
('ERROR 404', ''),
('ERROR 404', ''),
('ERROR 404', ''),
('ERROR 404', ''),
('ERROR 404', ''),
('ERROR 404', ''),
('ERROR 404', ''),
('ERROR 404', ''),
('ERROR 404', ''),
('ERROR 404', ''),
('ERROR 404', ''),
('ERROR 404', ''),
('ERROR 404', ''),
('ERROR 404', ''),
('ERROR 404', ''),
('ERROR 404', ''),
('ERROR 404', ''),
('ERROR 404', ''),
('ERROR 404', ''),
('ERROR 404', ''),
('ERROR 404', ''),
('ERROR 404', ''),
('ERROR 404', ''),
('ERROR 404', ''),
('ERROR 404', ''),
('ERROR 404', ''),
('ERROR 404', ''),
('ERROR 404', ''),
('ERROR 404', ''),
('ERROR 404', ''),
('ERROR 404', ''),
('ERROR 404', ''),
('ERROR 404', ''),
('ERROR 404', ''),
('ERROR 404', ''),
('ERROR 404', ''),
('ERROR 404', ''),
('ERROR 404', ''),
('ERROR 404', ''),
('ERROR 404', ''),
('ERROR 404', ''),
('ERROR 404', ''),
('ERROR 404', ''),
('ERROR 404', ''),
('ERROR 404', ''),
('ERROR 404', ''),
('ERROR 404', ''),
('ERROR 404', ''),
('ERROR 404', ''),
('ERROR 404', ''),
('ERROR 404', ''),
('ERROR 404', ''),
('ERROR 404', ''),
('ERROR 404', ''),
('ERROR 404', ''),
('ERROR 404', ''),
('ERROR 404', ''),
('ERROR 404', ''),
('ERROR 404', ''),
('ERROR 404', ''),
('ERROR 404', ''),
('ERROR 404', ''),
('ERROR 404', ''),
('ERROR 404', ''),
('ERROR 404', ''),
('ERROR 404', ''),
('ERROR 404', ''),
('ERROR 404', ''),
('ERROR 404', ''),
('ERROR 404', ''),
('ERROR 404', ''),
('ERROR 404', ''),
('ERROR 404', ''),
('ERROR 404', ''),
('ERROR 404', ''),
('ERROR 404', ''),
('ERROR 404', ''),
('ERROR 404', ''),
('ERROR 404', ''),
('ERROR 404', ''),
('ERROR 404', ''),
('ERROR 404', ''),
('ERROR 404', ''),
('ERROR 404', ''),
('ERROR 404', ''),
('ERROR 404', ''),
('ERROR 404', ''),
('ERROR 404', ''),
('ERROR 404', ''),
('ERROR 404', ''),
('ERROR 404', ''),
('ERROR 404', ''),
('ERROR 404', ''),
('ERROR 404', ''),
('ERROR 404', ''),
('ERROR 404', ''),
('ERROR 404', ''),
('ERROR 404', ''),
('ERROR 404', ''),
('ERROR 404', ''),
('ERROR 404', ''),
('ERROR 404', ''),
('ERROR 404', ''),
('ERROR 404', ''),
('ERROR 404', ''),
('ERROR 404', ''),
('ERROR 404', ''),
('ERROR 404', ''),
('ERROR 404', ''),
('ERROR 404', ''),
('ERROR 404', ''),
('ERROR 404', ''),
('ERROR 404', ''),
('ERROR 404', ''),
('ERROR 404', ''),
('ERROR 404', ''),
('ERROR 404', ''),
('ERROR 404', ''),
('ERROR 404', ''),
('ERROR 404', ''),
('ERROR 404', ''),
('ERROR 404', ''),
('ERROR 404', ''),
('ERROR 404', ''),
('ERROR 404', ''),
('ERROR 404', ''),
('ERROR 404', ''),
('ERROR 404', ''),
('ERROR 404', ''),
('ERROR 404', ''),
('ERROR 404', ''),
('ERROR 404', ''),
('ERROR 404', ''),
('ERROR 404', ''),
('ERROR 404', ''),
('ERROR 404', ''),
('ERROR 404', ''),
('ERROR 404', ''),
('ERROR 404', ''),
('ERROR 404', ''),
('ERROR 404', ''),
('ERROR 404', ''),
('ERROR 404', ''),
('ERROR 404', ''),
('ERROR 404', ''),
('ERROR 404', ''),
('ERROR 404', ''),
('ERROR 404', ''),
('ERROR 404', ''),
('ERROR 404', ''),
('ERROR 404', ''),
('ERROR 404', ''),
('ERROR 404', ''),
('ERROR 404', ''),
('ERROR 404', ''),
('', 'ERROR 503'),
('', 'ERROR 503'),
('', 'ERROR 503'),
('', 'ERROR 503'),
('', 'ERROR 503'),
('', 'ERROR 503'),
('', 'ERROR 503'),
('', 'ERROR 503'),
('', 'ERROR 503'),
('', 'ERROR 503'),
('', 'ERROR 503'),
('', 'ERROR 503'),
('', 'ERROR 503'),
('', 'ERROR 503'),
('', 'ERROR 503'),
('', 'ERROR 503'),
('', 'ERROR 503'),
('', 'ERROR 503'),
('', 'ERROR 503'),
('', 'ERROR 503'),
('', 'ERROR 503'),
('', 'ERROR 503'),
('', 'ERROR 503'),
('', 'ERROR 503'),
('', 'ERROR 503'),
('', 'ERROR 503'),
('', 'ERROR 503'),
('', 'ERROR 503'),
('', 'ERROR 503'),
('', 'ERROR 503'),
('', 'ERROR 503'),
('', 'ERROR 503'),
('', 'ERROR 503'),
('', 'ERROR 503'),
('', 'ERROR 503'),
('', 'ERROR 503'),
('', 'ERROR 503'),
('', 'ERROR 503'),
('', 'ERROR 503'),
('', 'ERROR 503'),
('', 'ERROR 503'),
('', 'ERROR 503'),
('', 'ERROR 503'),
('', 'ERROR 503'),
('', 'ERROR 503'),
('', 'ERROR 503'),
('', 'ERROR 503'),
('', 'ERROR 503'),
('', 'ERROR 503'),
('', 'ERROR 503'),
('', 'ERROR 503'),
('', 'ERROR 503'),
('', 'ERROR 503'),
('', 'ERROR 503'),
('', 'ERROR 503'),
('', 'ERROR 503'),
('', 'ERROR 503'),
('', 'ERROR 503'),
('', 'ERROR 503'),
('', 'ERROR 503'),
('', 'ERROR 503'),
('', 'ERROR 503'),
('', 'ERROR 503'),
('', 'ERROR 503'),
('', 'ERROR 503'),
('', 'ERROR 503'),
('', 'ERROR 503'),
('', 'ERROR 503'),
('', 'ERROR 503'),
('', 'ERROR 503'),
('', 'ERROR 503'),
('', 'ERROR 503'),
('', 'ERROR 503'),
('', 'ERROR 503'),
('', 'ERROR 503'),
('', 'ERROR 503'),
('', 'ERROR 503'),
('', 'ERROR 503'),
('', 'ERROR 503'),
('', 'ERROR 503'),
('', 'ERROR 503'),
('', 'ERROR 503'),
('', 'ERROR 503'),
('', 'ERROR 503'),
('', 'ERROR 503'),
('', 'ERROR 503'),
('', 'ERROR 503'),
('', 'ERROR 503'),
('', 'ERROR 503'),
('', 'ERROR 503'),
('', 'ERROR 503'),
('', 'ERROR 503'),
('', 'ERROR 503'),
('', 'ERROR 503'),
('', 'ERROR 503'),
('', 'ERROR 503'),
('', 'ERROR 503'),
('', 'ERROR 503'),
('', 'ERROR 503'),
('', 'ERROR 503'),
('', 'ERROR 503'),
('', 'ERROR 503'),
('', 'ERROR 503'),
('', 'ERROR 503'),
('', 'ERROR 503'),
('', 'ERROR 503'),
('', 'ERROR 503'),
('', 'ERROR 503'),
('', 'ERROR 503'),
('', 'ERROR 503'),
('', 'ERROR 503'),
('', 'ERROR 503'),
('', 'ERROR 503'),
('', 'ERROR 503'),
('', 'ERROR 503'),
('', 'ERROR 503'),
('', 'ERROR 503'),
('', 'ERROR 503'),
('', 'ERROR 503'),
('', 'ERROR 503'),
('', 'ERROR 503'),
('', 'ERROR 503'),
('', 'ERROR 503'),
('', 'ERROR 503'),
('', 'ERROR 503'),
('', 'ERROR 503'),
('', 'ERROR 503'),
('', 'ERROR 503'),
('', 'ERROR 503'),
('', 'ERROR 503'),
('', 'ERROR 503'),
('', 'ERROR 503'),
('', 'ERROR 503'),
('', 'ERROR 503'),
('', 'ERROR 503'),
('', 'ERROR 503'),
('', 'ERROR 503'),
('', 'ERROR 503'),
('', 'ERROR 503'),
('', 'ERROR 503'),
('', 'ERROR 503'),
('', 'ERROR 503'),
('', 'ERROR 503'),
('', 'ERROR 503'),
('', 'ERROR 503'),
('', 'ERROR 503'),
('', 'ERROR 503'),
('', 'ERROR 503'),
('', 'ERROR 503'),
('', 'ERROR 503'),
('', 'ERROR 503'),
('', 'ERROR 503'),
('', 'ERROR 503'),
('', 'ERROR 503'),
('', 'ERROR 503'),
('', 'ERROR 503'),
('', 'ERROR 503'),
('', 'ERROR 503'),
('', 'ERROR 503'),
('', 'ERROR 503'),
('', 'ERROR 503'),
('', 'ERROR 503'),
('', 'ERROR 503'),
('', 'ERROR 503'),
('', 'ERROR 503'),
('', 'ERROR 503'),
('', 'ERROR 503'),
('', 'ERROR 503'),
('', 'ERROR 503'),
('', 'ERROR 503'),
('', 'ERROR 503'),
('', 'ERROR 503'),
('', 'ERROR 503'),
('', 'ERROR 503'),
('', 'ERROR 503'),
('', 'ERROR 503'),
('', 'ERROR 503'),
('', 'ERROR 503'),
('', 'ERROR 503'),
('', 'ERROR 503'),
('', 'ERROR 503'),
('', 'ERROR 503'),
('', 'ERROR 503'),
('', 'ERROR 503'),
('', 'ERROR 503'),
('', 'ERROR 503'),
('', 'ERROR 503'),
('', 'ERROR 503'),
('', 'ERROR 503'),
('', 'ERROR 503'),
('', 'ERROR 503'),
('', 'ERROR 503'),
('', 'ERROR 503'),
('', 'ERROR 503'),
('', 'ERROR 503'),
('', 'ERROR 503'),
('', 'ERROR 503'),
('', 'ERROR 503'),
('', 'ERROR 503'),
('', 'ERROR 503'),
('', 'ERROR 503'),
('', 'ERROR 503'),
('', 'ERROR 503'),
('', 'ERROR 503'),
('', 'ERROR 503'),
('', 'ERROR 503'),
('', 'ERROR 503'),
('', 'ERROR 503'),
('', 'ERROR 503'),
('', 'ERROR 503'),
('', 'ERROR 503'),
('', 'ERROR 503'),
('', 'ERROR 503'),
('', 'ERROR 503'),
('', 'ERROR 503'),
('', 'ERROR 503'),
('', 'ERROR 503'),
('', 'ERROR 503'),
('', 'ERROR 503'),
('', 'ERROR 503'),
('', 'ERROR 503'),
('', 'ERROR 503'),
('', 'ERROR 503'),
('', 'ERROR 503'),
('', 'ERROR 503'),
('', 'ERROR 503'),
('', 'ERROR 503'),
('', 'ERROR 503'),
('', 'ERROR 503'),
('', 'ERROR 503'),
('', 'ERROR 503'),
('', 'ERROR 503'),
('', 'ERROR 503'),
('', 'ERROR 503'),
('', 'ERROR 503'),
('', 'ERROR 503'),
('', 'ERROR 503'),
('', 'ERROR 503'),
('', 'ERROR 503'),
('', 'ERROR 503'),
('', 'ERROR 503'),
('', 'ERROR 503'),
('', 'ERROR 503'),
('', 'ERROR 503'),
('', 'ERROR 503'),
('', 'ERROR 503'),
('', 'ERROR 503'),
('', 'ERROR 503'),
('', 'ERROR 503'),
('', 'ERROR 503'),
('', 'ERROR 503'),
('', 'ERROR 503'),
('', 'ERROR 503'),
('', 'ERROR 503'),
('', 'ERROR 503'),
('', 'ERROR 503'),
('', 'ERROR 503'),
('', 'ERROR 503'),
('', 'ERROR 503'),
('', 'ERROR 503'),
('', 'ERROR 503'),
('', 'ERROR 503'),
('', 'ERROR 503'),
('', 'ERROR 503'),
('', 'ERROR 503'),
('', 'ERROR 503'),
('', 'ERROR 503'),
('', 'ERROR 503'),
('', 'ERROR 503'),
('', 'ERROR 503'),
('', 'ERROR 503'),
('', 'ERROR 503'),
('', 'ERROR 503'),
('', 'ERROR 503'),
('', 'ERROR 503'),
('', 'ERROR 503'),
('', 'ERROR 503'),
('', 'ERROR 503'),
('', 'ERROR 503'),
('', 'ERROR 503'),
('', 'ERROR 503'),
('', 'ERROR 503'),
('', 'ERROR 503'),
('', 'ERROR 503'),
('', 'ERROR 503'),
('', 'ERROR 503'),
('', 'ERROR 503'),
('', 'ERROR 503'),
('', 'ERROR 503'),
('', 'ERROR 503'),
('', 'ERROR 503'),
('', 'ERROR 503'),
('', 'ERROR 503'),
('', 'ERROR 503'),
('', 'ERROR 503'),
('', 'ERROR 503'),
('', 'ERROR 503'),
('', 'ERROR 503'),
('', 'ERROR 503'),
('', 'ERROR 503'),
('', 'ERROR 503'),
('', 'ERROR 503'),
('', 'ERROR 503'),
('', 'ERROR 503'),
('', 'ERROR 503'),
('', 'ERROR 503'),
('', 'ERROR 503'),
('', 'ERROR 503'),
('', 'ERROR 503'),
('', 'ERROR 503'),
('', 'ERROR 503'),
('', 'ERROR 503'),
('', 'ERROR 503'),
('', 'ERROR 503'),
('', 'ERROR 503'),
('', 'ERROR 503'),
('', 'ERROR 503'),
('', 'ERROR 503'),
('', 'ERROR 503'),
('', 'ERROR 503'),
('', 'ERROR 503'),
('', 'ERROR 503'),
('', 'ERROR 503'),
('', 'ERROR 503'),
('', 'ERROR 503'),
('', 'ERROR 503'),
('', 'ERROR 503'),
('', 'ERROR 503'),
('', 'ERROR 503'),
('', 'ERROR 503'),
('', 'ERROR 503'),
('', 'ERROR 503'),
('', 'ERROR 503'),
('', 'ERROR 503'),
('', 'ERROR 503'),
('', 'ERROR 503'),
('', 'ERROR 503'),
('', 'ERROR 503'),
('', 'ERROR 503'),
('', 'ERROR 503'),
('', 'ERROR 503'),
('', 'ERROR 503'),
('', 'ERROR 503'),
('', 'ERROR 503'),
('', 'ERROR 503'),
('', 'ERROR 503'),
('', 'ERROR 503'),
('', 'ERROR 503'),
('', 'ERROR 503'),
('ERROR 404', ''),
('ERROR 404', ''),
('ERROR 404', ''),
('ERROR 404', ''),
('ERROR 404', ''),
('ERROR 404', ''),
('ERROR 404', ''),
('ERROR 404', ''),
('ERROR 404', ''),
('', 'ERROR 503'),
('', 'ERROR 503'),
('', 'ERROR 503'),
('', 'ERROR 503'),
('', 'ERROR 503'),
('', 'ERROR 503');

-- --------------------------------------------------------

--
-- Estructura de la taula `img_cars`
--

CREATE TABLE `img_cars` (
  `id_img` int(30) NOT NULL,
  `cod_model` varchar(20) NOT NULL,
  `img` varchar(1000) NOT NULL
) ENGINE=InnoDB DEFAULT CHARSET=utf8mb4;

--
-- Bolcament de dades per a la taula `img_cars`
--

INSERT INTO `img_cars` (`id_img`, `cod_model`, `img`) VALUES
(1, 'FO', 'ford_focus.jpg'),
(2, 'FO', 'ford_focus2.jpg'),
(3, 'FO', 'ford_focus3.jpg'),
(4, 'EN', 'ferrari_enzo.jpg'),
(5, 'FI', 'ford_fiesta.jpg'),
(6, 'EN', 'ferrari_enzo2.jpg'),
(7, 'FI', 'ford_fiesta2.jpg'),
(8, 'UR', 'lamborghini_urus.jpg'),
(9, 'UR', 'lamborghini_urus2.jpg'),
(10, 'UR', 'lamborghini_urus3.jpg'),
(11, 'MS', 'tesla_model-s.jpg'),
(12, 'MS', 'tesla_model-s2.jpg'),
(13, 'MS', 'tesla_model-s3.jpg'),
(14, 'KA', 'ford_ka.jpg'),
(15, 'KA', 'ford_ka2.jpg'),
(16, 'KA', 'ford_ka3.jpg');

-- --------------------------------------------------------

--
-- Estructura de la taula `likes`
--

CREATE TABLE `likes` (
  `username` varchar(500) NOT NULL,
  `enrolment` varchar(10) NOT NULL
) ENGINE=InnoDB DEFAULT CHARSET=utf8mb4;

-- --------------------------------------------------------

--
-- Estructura de la taula `model`
--

CREATE TABLE `model` (
  `cod_model` varchar(20) NOT NULL,
  `model_name` varchar(20) NOT NULL,
  `cod_brand` varchar(20) NOT NULL
) ENGINE=InnoDB DEFAULT CHARSET=utf8mb4;

--
-- Bolcament de dades per a la taula `model`
--

INSERT INTO `model` (`cod_model`, `model_name`, `cod_brand`) VALUES
('EN', 'ENZO', 'FE'),
('FI', 'FIESTA', 'FR'),
('FO', 'FOCUS', 'FR'),
('KA', 'KA', 'FR'),
('MS', 'MODEL S', 'TS'),
('UR', 'URUS', 'LM');

-- --------------------------------------------------------

--
-- Estructura de la taula `type`
--

CREATE TABLE `type` (
  `cod_type` varchar(20) NOT NULL,
  `type_name` text NOT NULL,
  `type_img` varchar(20) NOT NULL
) ENGINE=InnoDB DEFAULT CHARSET=utf8mb4;

--
-- Bolcament de dades per a la taula `type`
--

INSERT INTO `type` (`cod_type`, `type_name`, `type_img`) VALUES
('AD', 'ADAPTED', 'adaptat.jpg'),
('EL', 'ELECTRIC', 'electrico.jpg'),
('GAS', 'GASOLINE', 'gasolina.jpg'),
('HY', 'HYBRID', 'hybrid.jpg');

-- --------------------------------------------------------

--
-- Estructura de la taula `users`
--

CREATE TABLE `users` (
  `username` varchar(500) NOT NULL,
  `password` varchar(1000) NOT NULL,
  `email` varchar(500) NOT NULL,
  `type` text NOT NULL,
  `avatar` varchar(1000) NOT NULL
) ENGINE=InnoDB DEFAULT CHARSET=utf8mb4;

--
-- Bolcament de dades per a la taula `users`
--

INSERT INTO `users` (`username`, `password`, `email`, `type`, `avatar`) VALUES
('10604728', '$2y$12$XDlOEBofLZRjfvPdVCIS7uwd0zgbGeeygo0e2zuE9LM8XFYRtAEDC', 'sbiosca92204@gmail.com', 'cliente', 'https://randomuser.me/api/portraits/men/18.jpg'),
('1060472899', '$2y$12$BjufbR4vz.5KbGxLL3c9CupzQ4NOdh9oP5UQpJpSBfvcchUqVhaIy', 'sbiosca9494@gmail.com', 'cliente', 'https://randomuser.me/api/portraits/women/23.jpg'),
('bioskin94', '$2y$12$XA4dKii.qSC6s.mdRmg9Uew8UDNTe0uMoQ1pXoFZoQhp3zlqZ4M2S', 'bioskin94@gmail.com', 'cliente', 'https://randomuser.me/api/portraits/women/2.jpg'),
('carlaloos', '$2y$12$xpniRnSa.ciQpPhAbqGKoO5qbuVO6Z/aW86BbGwxOnjA9xWnDadHW', 'carlaloossoriano22@gmail.com', 'cliente', 'https://randomuser.me/api/portraits/men/85.jpg'),
('carlavicky', '$2y$12$mDmCCxLhnakZvs0i/4z4deGFckErk2rEdFRFOAE0cmubErfDD7Y6q', 'carlita@gmail.com', 'cliente', 'https://randomuser.me/api/portraits/women/53.jpg'),
('francisco', '$2y$12$ivIMB7hEdGzVwZ2cZcvv6ef1kPtkhVc5cgFsJsyaNJ/EdBYN2Cjqa', 'francisco@gmail.com', 'cliente', 'https://randomuser.me/api/portraits/women/33.jpg'),
('Pepevillanuevacastillo', '$2y$12$5KDb4CBHMNdjDCdZwJvoX.ByCL/P8ttJRambfeJq9Y1.1ZHTxn8HG', 'pepevillanuevacastillo@gmail.com', 'cliente', 'https://randomuser.me/api/portraits/women/77.jpg'),
('pepito123', '$2y$12$nql1qComUW3tsxC9m/0WwuMSU2BDoJhe.UTbJPHqt2Ft4qeECr/je', 'mgpandatorceo@gmail.com', 'cliente', 'https://randomuser.me/api/portraits/men/20.jpg'),
('pepito1235', '$2y$12$iXodqj3S2zrEzA4qcAXWiuRyYRWDJw14kwcMpGSe9IO4S.QhQ8mKS', 'rosabeneyto@hotmail.come', 'cliente', 'https://randomuser.me/api/portraits/women/37.jpg'),
('rosabeneyto', '$2y$12$arhdiM4YNlAjfQJZ1j6IDeWzJe0uLGAx.gCGWicHwdi1KIuL1euRe', 'rosabeneyto@hotmail.com', 'cliente', 'https://randomuser.me/api/portraits/women/16.jpg'),
('sbiosca94', '$2y$12$5hj38R1EzKKuJ0xrRCAOz.vfQpNEioOdEb8nfoy0c2HZFBvz0v6AC', 'sbiosca22@gmail.com', 'cliente', 'https://randomuser.me/api/portraits/men/95.jpg'),
('sergibeneyto', '$2y$12$4nrF8GIJ0wm5k0xEUgOZrulMgFd1kX0wGRbmzEjtkoukTBZlPAIeC', 'sergibiosca22@gmail.com', 'cliente', 'https://randomuser.me/api/portraits/women/63.jpg'),
('sergibiosca', '$2y$12$kP1HlNyTNQHt/0CwSQ9XjesXDyfhzsVYU/0omPECHI8zgtQPNYlR2', 'sbiosca94@gmail.com', 'cliente', 'https://randomuser.me/api/portraits/women/11.jpg'),
('vicenteeeee', '$2y$12$/QmPwkCDFj3xITgR8IsGMeOtXsqePp4W21yjxeaQCHd8NAleFRDXm', 'sbiosca9eeeee4@gmail.com', 'cliente', 'https://randomuser.me/api/portraits/women/94.jpg'),
('ximuele12', '$2y$12$hwUnOgT5QUbQxvDVEF4BOO/fy/o3JEEG7d4gvIFh5UHrv9O3F3Q/6', 'ximuele@gmail.com', 'cliente', 'https://randomuser.me/api/portraits/women/70.jpg');

--
-- Índexs per a les taules bolcades
--

--
-- Índexs per a la taula `brand`
--
ALTER TABLE `brand`
  ADD PRIMARY KEY (`cod_brand`);

--
-- Índexs per a la taula `cars`
--
ALTER TABLE `cars`
  ADD PRIMARY KEY (`id`),
  ADD KEY `cod_model` (`cod_model`) USING BTREE,
  ADD KEY `cod_type` (`cod_type`) USING BTREE,
  ADD KEY `cod_category` (`cod_category`) USING BTREE;

--
-- Índexs per a la taula `category`
--
ALTER TABLE `category`
  ADD PRIMARY KEY (`cod_category`);

--
-- Índexs per a la taula `img_cars`
--
ALTER TABLE `img_cars`
  ADD PRIMARY KEY (`id_img`) USING BTREE,
  ADD KEY `cod_model` (`cod_model`) USING BTREE;

--
-- Índexs per a la taula `likes`
--
ALTER TABLE `likes`
  ADD KEY `username` (`username`),
  ADD KEY `enrolment` (`enrolment`);

--
-- Índexs per a la taula `model`
--
ALTER TABLE `model`
  ADD PRIMARY KEY (`cod_model`),
  ADD KEY `cod_brand` (`cod_brand`) USING BTREE;

--
-- Índexs per a la taula `type`
--
ALTER TABLE `type`
  ADD PRIMARY KEY (`cod_type`);

--
-- Índexs per a la taula `users`
--
ALTER TABLE `users`
  ADD PRIMARY KEY (`username`),
  ADD UNIQUE KEY `email` (`email`) USING BTREE;

--
-- Restriccions per a les taules bolcades
--

--
-- Restriccions per a la taula `cars`
--
ALTER TABLE `cars`
  ADD CONSTRAINT `cars_ibfk_1` FOREIGN KEY (`cod_model`) REFERENCES `model` (`cod_model`),
  ADD CONSTRAINT `cars_ibfk_2` FOREIGN KEY (`cod_type`) REFERENCES `type` (`cod_type`),
  ADD CONSTRAINT `cars_ibfk_3` FOREIGN KEY (`cod_category`) REFERENCES `category` (`cod_category`);

--
-- Restriccions per a la taula `model`
--
ALTER TABLE `model`
  ADD CONSTRAINT `model_ibfk_1` FOREIGN KEY (`cod_brand`) REFERENCES `brand` (`cod_brand`),
  ADD CONSTRAINT `model_ibfk_2` FOREIGN KEY (`cod_brand`) REFERENCES `brand` (`cod_brand`);
COMMIT;

/*!40101 SET CHARACTER_SET_CLIENT=@OLD_CHARACTER_SET_CLIENT */;
/*!40101 SET CHARACTER_SET_RESULTS=@OLD_CHARACTER_SET_RESULTS */;
/*!40101 SET COLLATION_CONNECTION=@OLD_COLLATION_CONNECTION */;
